{"AndroidX annotation experimental library": {"length": 10691, "start": 45}, "AndroidX lifecycle common library": {"length": 10694, "start": 10877}, "AndroidX lifecycle livedatacore library": {"length": 10694, "start": 10877}, "AndroidX lifecycle runtime library": {"length": 10694, "start": 10877}, "AndroidX tracing library": {"length": 10694, "start": 10877}, "Animal Sniffer": {"length": 1096, "start": 32296}, "Checker Framework Annotations": {"length": 1892, "start": 34578}, "Error Prone": {"length": 11357, "start": 36486}, "Google Auto": {"length": 11358, "start": 47922}, "Guava JDK5": {"length": 11358, "start": 47922}, "Guava JDK7": {"length": 11362, "start": 59295}, "J2ObjC": {"length": 11358, "start": 47922}, "JSR 250": {"length": 11358, "start": 47922}, "JSR 305": {"length": 1602, "start": 93379}, "JSR 330": {"length": 11365, "start": 70669}, "JSpecify": {"length": 11358, "start": 47922}, "JsInterop Annotations": {"length": 11307, "start": 82060}, "SafeParcelable library": {"length": 11358, "start": 47922}, "apksig": {"length": 10695, "start": 21582}, "checker_framework_util": {"length": 1125, "start": 33419}}