{"AndroidX lifecycle common library": {"length": 10694, "start": 115}, "AndroidX lifecycle livedatacore library": {"length": 10694, "start": 115}, "AndroidX lifecycle runtime library": {"length": 10694, "start": 115}, "Animal Sniffer": {"length": 1096, "start": 10828}, "Checker Framework Annotations": {"length": 1846, "start": 11958}, "Error Prone": {"length": 11357, "start": 13820}, "Guava JDK5": {"length": 11358, "start": 25224}, "Guava JDK7": {"length": 11362, "start": 36597}, "J2ObjC": {"length": 11358, "start": 25224}, "JSR 305": {"length": 1602, "start": 59304}, "JsInterop Annotations": {"length": 11307, "start": 47985}, "SafeParcelable library": {"length": 11358, "start": 25224}}