{"AndroidX document file library.": {"length": 10695, "start": 36}, "AndroidX print library.": {"length": 10695, "start": 10759}, "AndroidX versioned parcelable library.": {"length": 10695, "start": 21497}, "Checker Framework Annotations": {"length": 1846, "start": 32226}, "FlatBuffers": {"length": 11342, "start": 34088}, "JSR 250": {"length": 11358, "start": 45442}, "JSR 305": {"length": 1602, "start": 68185}, "Protobuf Nano": {"length": 1732, "start": 69805}, "safeparcel": {"length": 11358, "start": 56815}}