{"Animal Sniffer": {"length": 1096, "start": 19}, "Checker Framework Annotations": {"length": 1892, "start": 1149}, "Dagger": {"length": 11358, "start": 3052}, "Error Prone": {"length": 11357, "start": 14426}, "Guava JDK5": {"length": 11358, "start": 25798}, "Guava JDK7": {"length": 11362, "start": 37171}, "J2ObjC": {"length": 81008, "start": 48544}, "JSR 250": {"length": 11358, "start": 129564}, "JSR 305": {"length": 1602, "start": 140934}, "JSR 330": {"length": 11365, "start": 142548}, "JSpecify": {"length": 11358, "start": 153926}, "JsInterop Annotations": {"length": 11307, "start": 165310}, "Kotlin": {"length": 105133, "start": 176628}, "Kotlin coroutines": {"length": 11357, "start": 281783}, "SafeParcelable library": {"length": 11358, "start": 293167}, "apksig": {"length": 10695, "start": 304536}, "checker_framework_util": {"length": 1125, "start": 315258}, "gsfclient": {"length": 11358, "start": 316397}, "kotlinx_atomicfu": {"length": 11356, "start": 327776}}