{"AndroidX async layout inflater.": {"length": 10695, "start": 36}, "AndroidX document file library.": {"length": 10695, "start": 10767}, "AndroidX interpolator library.": {"length": 10693, "start": 21497}, "AndroidX legacy core UI libraries.": {"length": 10695, "start": 32229}, "AndroidX local broadcast manager library.": {"length": 10693, "start": 42970}, "AndroidX print library.": {"length": 10695, "start": 53691}, "AndroidX sliding pane layout library.": {"length": 10695, "start": 64428}, "AndroidX swipe refresh layout library.": {"length": 10695, "start": 75166}, "AndroidX versioned parcelable library.": {"length": 10695, "start": 85904}, "Animal Sniffer": {"length": 1096, "start": 128754}, "Checker Framework Annotations": {"length": 1846, "start": 129884}, "Error Prone": {"length": 11357, "start": 131746}, "FlatBuffers": {"length": 11342, "start": 143119}, "Guava JDK5": {"length": 11358, "start": 154476}, "Guava JDK7": {"length": 11362, "start": 165849}, "J2ObjC": {"length": 11358, "start": 177222}, "JSR 250": {"length": 11358, "start": 188592}, "JSR 305": {"length": 1602, "start": 222712}, "JSR 330": {"length": 11365, "start": 199962}, "Protobuf Nano": {"length": 1732, "start": 224332}, "activity": {"length": 10695, "start": 96612}, "concurrent_futures": {"length": 10695, "start": 107330}, "safeparcel": {"length": 11358, "start": 211342}, "savedstate": {"length": 10695, "start": 118040}}