{"AndroidX async layout inflater.": {"length": 10695, "start": 36}, "AndroidX document file library.": {"length": 10695, "start": 10767}, "AndroidX interpolator library.": {"length": 10693, "start": 21497}, "AndroidX legacy core UI libraries.": {"length": 10695, "start": 32229}, "AndroidX local broadcast manager library.": {"length": 10693, "start": 42970}, "AndroidX print library.": {"length": 10695, "start": 53691}, "AndroidX sliding pane layout library.": {"length": 10695, "start": 64428}, "AndroidX swipe refresh layout library.": {"length": 10695, "start": 75166}, "AndroidX versioned parcelable library.": {"length": 10695, "start": 85904}, "Animal Sniffer": {"length": 1096, "start": 219721}, "Checker Framework Annotations": {"length": 1846, "start": 220851}, "Error Prone": {"length": 11357, "start": 96615}, "Firebase Common": {"length": 57295, "start": 222717}, "FlatBuffers": {"length": 11342, "start": 107988}, "Google Auto": {"length": 11358, "start": 119346}, "Guava JDK5": {"length": 11358, "start": 130719}, "Guava JDK7": {"length": 11362, "start": 142092}, "J2ObjC": {"length": 11358, "start": 153465}, "JSR 250": {"length": 11358, "start": 164835}, "JSR 305": {"length": 1602, "start": 280024}, "activity": {"length": 10695, "start": 176206}, "concurrent_futures": {"length": 10695, "start": 186924}, "safeparcel": {"length": 11358, "start": 197634}, "savedstate": {"length": 10695, "start": 209007}}