{"Android Activity Support Library": {"length": 10695, "start": 458}, "AndroidX asynchronous layout inflater library": {"length": 10695, "start": 458}, "AndroidX browser library": {"length": 10695, "start": 458}, "AndroidX concurrent futures library": {"length": 10695, "start": 458}, "AndroidX coordinator layout library": {"length": 10695, "start": 458}, "AndroidX cursor adapter library": {"length": 10695, "start": 458}, "AndroidX document file library": {"length": 10695, "start": 458}, "AndroidX drawer layout library": {"length": 10695, "start": 458}, "AndroidX interpolator library": {"length": 10693, "start": 11229}, "AndroidX legacy core UI libraries": {"length": 10695, "start": 458}, "AndroidX local broadcast manager library": {"length": 10693, "start": 11229}, "AndroidX print library": {"length": 10695, "start": 458}, "AndroidX sliding pane layout library": {"length": 10695, "start": 458}, "AndroidX swipe refresh layout library": {"length": 10695, "start": 458}, "AndroidX versioned parcelable library": {"length": 10695, "start": 21964}, "AndroidX view pager library": {"length": 10695, "start": 458}, "Animal Sniffer": {"length": 1096, "start": 111104}, "ArWebView": {"length": 11341, "start": 32673}, "Checker Framework Annotations": {"length": 1846, "start": 112234}, "Dagger": {"length": 11358, "start": 44080}, "Error Prone": {"length": 11357, "start": 55454}, "FlatBuffers": {"length": 11342, "start": 66827}, "Guava JDK5": {"length": 11358, "start": 44080}, "Guava JDK7": {"length": 11362, "start": 78184}, "J2ObjC": {"length": 11358, "start": 44080}, "JSR 250": {"length": 11358, "start": 44080}, "JSR 305": {"length": 1602, "start": 114092}, "JSR 330": {"length": 11365, "start": 89558}, "Nano Protocol Buffers": {"length": 1732, "start": 115720}, "Rhino": {"length": 16780, "start": 117462}, "Tink": {"length": 11358, "start": 44080}, "Volley": {"length": 11358, "start": 44080}, "customtabsclient": {"length": 10141, "start": 100944}, "mp4parser": {"length": 12834, "start": 134256}, "safeparcel": {"length": 11358, "start": 44080}, "savedstate": {"length": 10695, "start": 458}}