{"AndroidX lifecycle common library": {"length": 10694, "start": 115}, "AndroidX lifecycle livedatacore library": {"length": 10694, "start": 115}, "AndroidX lifecycle runtime library": {"length": 10694, "start": 115}, "Animal Sniffer": {"length": 1096, "start": 30764}, "Checker Framework Annotations": {"length": 1892, "start": 31894}, "Dagger": {"length": 11358, "start": 33863}, "Error Prone": {"length": 11357, "start": 45237}, "Google Auto": {"length": 11358, "start": 33863}, "Guava JDK5": {"length": 11358, "start": 33863}, "Guava JDK7": {"length": 11362, "start": 56609}, "J2ObjC": {"length": 11358, "start": 33863}, "JSR 250": {"length": 11358, "start": 33863}, "JSR 305": {"length": 1602, "start": 90693}, "JSR 330": {"length": 11365, "start": 67983}, "JsInterop Annotations": {"length": 11307, "start": 79374}, "SafeParcelable library": {"length": 11358, "start": 33863}, "apksig": {"length": 10695, "start": 10820}, "p2putils": {"length": 9217, "start": 21528}}