{"AndroidX lifecycle common library": {"length": 10694, "start": 38}, "AndroidX lifecycle livedatacore library": {"length": 10694, "start": 10776}, "AndroidX lifecycle runtime library": {"length": 10694, "start": 21509}, "Animal Sniffer": {"length": 1096, "start": 32222}, "Checker Framework Annotations": {"length": 1892, "start": 33352}, "Checker Framework Utilities": {"length": 1125, "start": 35276}, "Error Prone": {"length": 11357, "start": 36417}, "Guava JDK5": {"length": 11358, "start": 47789}, "Guava JDK7": {"length": 11362, "start": 59162}, "J2ObjC": {"length": 11358, "start": 70535}, "JSR 305": {"length": 1602, "start": 81905}, "JSpecify": {"length": 11358, "start": 116944}, "JsInterop Annotations": {"length": 11307, "start": 83533}, "SafeParcelable library": {"length": 11358, "start": 94867}, "apksig": {"length": 10695, "start": 106236}}