{"Android Multi-Dex Library":{"length":11361,"start":26},"play-services-tasks":{"length":3,"start":11407},"play-services-basement":{"length":3,"start":11433},"AutoValue Annotations":{"length":11361,"start":11458},"Android Support Library fragment":{"length":11361,"start":22852},"Android Support Library core UI":{"length":11361,"start":34245},"Android Support Library core utils":{"length":11361,"start":45641},"Android Support Library loader":{"length":11361,"start":57033},"Android Support Library View Pager":{"length":11361,"start":68429},"Android Support Library Coordinator Layout":{"length":11361,"start":79833},"Android Support Library Drawer Layout":{"length":11361,"start":91232},"Android Support Library Sliding Pane Layout":{"length":11361,"start":102637},"Android Support Library Custom View":{"length":11361,"start":125431},"Android Support Library Async Layout Inflater":{"length":11361,"start":136838},"Android Support Library compat":{"length":11361,"start":148230},"VersionedParcelable and friends":{"length":11361,"start":159623},"Android Support Library collections":{"length":11361,"start":171020},"Android Lifecycle Runtime":{"length":11361,"start":182407},"Android Lifecycle ViewModel":{"length":11361,"start":193796},"Android Lifecycle LiveData":{"length":11361,"start":205184},"Android Lifecycle LiveData Core":{"length":11361,"start":216577},"Android Lifecycle-Common":{"length":11361,"start":227963},"Android Arch-Runtime":{"length":11361,"start":239345},"Android Arch-Common":{"length":11361,"start":250726},"Android Support Library Interpolators":{"length":11361,"start":262125},"Android Support Library Cursor Adapter":{"length":11361,"start":273525},"Android Support Library Document File":{"length":11361,"start":284924},"Android Support Library Local Broadcast Manager":{"length":11361,"start":296333},"Android Support Library Print":{"length":11361,"start":307724},"Android Support Library Annotations":{"length":11361,"start":319121}}
